"","baseMean","log2FoldChange","lfcSE","stat","pvalue","padj"
"ENSG00000028137.20",215.761388788514,-24.8968954662477,4.78506666213138,-5.20304046405031,1.96054160001958e-07,3.69138517801218e-05
"ENSG00000233954.7",136.435407212181,-3.78650760765771,0.993850457570985,-3.8099369767481,0.000139002221008784,0.00762562184390274
"ENSG00000117318.10",1384.77843134906,-5.8018143663911,1.2750463222792,-4.55027732327409,5.35752575429184e-06,0.000504873663145425
"ENSG00000157978.14",245.094110276613,-7.51879428378094,2.17787093230994,-3.4523599044532,0.000555705963901311,0.0218429681841724
"ENSG00000117643.17",59.7367664546388,-7.25893680226726,2.17926110694973,-3.33091651070095,0.000865605597793966,0.0304602693865559
"ENSG00000126705.16",133.080430425952,-2.58861431854419,0.790954629614895,-3.27277219403161,0.00106498274347101,0.0357221491802803
"ENSG00000162512.17",69.9936790478929,-6.47897128181479,1.88191105688477,-3.44276168531566,0.000575806481558464,0.0224021036996126
"ENSG00000173660.13",3436.62871847095,-3.36177984815491,0.886204383254023,-3.79345883599775,0.000148563268925795,0.00802232554136862
"ENSG00000203995.11",52.4949620330717,-9.53787815859425,1.80571684750974,-5.28204528398121,1.27749610127843e-07,2.66891685487635e-05
"ENSG00000121310.18",85.9608655178514,-10.2498133763651,1.7779167314878,-5.76506941795175,8.16242374945331e-09,2.95449215278337e-06
"ENSG00000162433.16",227.453273745554,-8.19595801917971,1.26795035412403,-6.4639423716569,1.0200973412991e-10,8.06480491868861e-08
"ENSG00000117155.18",302.591255040539,2.41997073365366,0.76381891665917,3.16825189959716,0.0015335858041478,0.0464061847203534
"ENSG00000097096.11",11.8755810811992,-7.38910151404207,2.26582384246169,-3.26111031915624,0.00110976854301306,0.0369543232521662
"ENSG00000153904.22",74.0826334948458,-5.75279222147685,1.8080170151215,-3.181824160593,0.00146350643437384,0.0449093292366909
"ENSG00000143013.14",661.334607794497,-4.52128747829369,1.1657075455514,-3.87857786075755,0.000105068898896584,0.00607673979772965
"ENSG00000137942.19",52.6258008396373,-6.07598797124695,1.19629653195699,-5.07899823240934,3.79430240591059e-07,6.19093532752256e-05
"ENSG00000116396.15",77.5770577299095,-3.04135447164403,0.958746844420044,-3.1722184947412,0.00151279143289471,0.0458679565468731
"ENSG00000226067.8",19.9435265965907,-4.63156586527581,1.46884343786526,-3.1532059482167,0.00161487832377297,0.0478823513497294
"ENSG00000227082.4",47.2345681604534,4.22942370618113,1.16731547486055,3.62320537786614,0.00029097460022154,0.0136037405112038
"ENSG00000272031.4",148.937223561488,3.11506459518633,0.889753980406446,3.50104035922755,0.000463445653309996,0.0196692832444626
"ENSG00000197747.10",322.959216111764,-3.9732064090665,0.87320471559647,-4.55014309714587,5.36094453293116e-06,0.000504873663145425
"ENSG00000143297.20",807.693150577215,-6.83176300843078,1.29966752054804,-5.25654669399601,1.46785520585021e-07,2.98483463258955e-05
"ENSG00000163518.11",275.19460602565,-11.9275617481344,2.32788253996345,-5.12378160984089,2.9946782483099e-07,5.13166718707577e-05
"ENSG00000307994.1",40.7071757014258,-7.72137308392244,2.06300029566393,-3.74278816156809,0.000181989645954156,0.00934426010420406
"ENSG00000158481.13",45.6886888862898,8.62640747868535,2.6280778087393,3.28240185659627,0.00102926807807485,0.0350387666489275
"ENSG00000163564.15",81.0263770575357,-10.1644287892755,1.77586313087244,-5.72365550732614,1.0425604854015e-08,3.45654129627353e-06
"ENSG00000163568.18",241.090811872419,-8.27962265104845,1.37899489584202,-6.00409956266944,1.92396619213151e-09,9.76244009335261e-07
"ENSG00000117090.17",65.4375772986556,-5.57603389528275,1.30625935149478,-4.26870352269782,1.96612386834674e-05,0.00146987034883118
"ENSG00000162746.15",1938.42894757931,6.37049250298749,1.82146917415563,3.49744733173463,0.0004697334542016,0.0197478630877702
"ENSG00000198821.13",161.795533159566,5.16544791234107,1.44456494096047,3.57578102989724,0.000349183839513928,0.0155259554997869
"ENSG00000162783.11",220.438589470466,-3.17842942237753,0.911139752389591,-3.48841043763227,0.000485901575528367,0.0201371873053889
"ENSG00000135821.20",194.603973399818,-9.98688467659022,2.36926315255464,-4.21518591796016,2.49572503302434e-05,0.00180390059140541
"ENSG00000135824.13",97.1590248058949,9.71505553661936,1.79103074897899,5.42428182327837,5.81880140965404e-08,1.38660219216615e-05
"ENSG00000090104.13",292.40842604856,-6.75779181103237,1.12753116338583,-5.99344127282444,2.05446378610377e-09,9.78550815670926e-07
"ENSG00000287989.1",18.3009020187517,7.30647588766143,2.02630407231291,3.60581414581155,0.000311175794533575,0.0142514776048996
"ENSG00000159173.20",499.015229353096,10.6622318474629,1.8598596028188,5.73281544010272,9.87770982392189e-09,3.41127779151244e-06
"ENSG00000117139.19",150.851533389357,-4.6205506349966,1.44181861523114,-3.20466845564751,0.00135218138269946,0.0422584390728472
"ENSG00000133055.11",377.020593143136,24.3549379900059,4.78484676941771,5.09001419766881,3.58036706218049e-07,6.00045912805656e-05
"ENSG00000058668.17",140.475527162905,-3.77145154981564,1.01460666195729,-3.71715630423724,0.000201477802914821,0.0101337051132877
"ENSG00000163545.11",55.4040302882096,-4.29549337130655,0.956635981962055,-4.49020677906817,7.11540645380085e-06,0.000645934903731648
"ENSG00000293455.2",82.9925770628226,-5.14778498541654,1.64076171634078,-3.13743606652228,0.00170432439190032,0.0492913580710639
"ENSG00000263961.9",41.1576117233907,-9.18890464605594,1.96630509851131,-4.67318355275224,2.96566498174357e-06,0.000316289207248749
"ENSG00000162894.13",1758.60855064095,-14.6035065675662,4.18943015509441,-3.48579783572907,0.0004906716699174,0.0201704410725344
"ENSG00000162896.7",383.739165068499,-25.6426743861529,4.78492625661692,-5.3590532039428,8.36592177028509e-08,1.90430855102415e-05
"ENSG00000154380.20",42.9848461610834,-6.78184778151083,1.7766410606904,-3.81723012687516,0.0001349582798239,0.00746929667264625
"ENSG00000185155.12",40.4741621682146,3.632461584634,1.05953447123199,3.42835621044995,0.000607248118261608,0.0233867198272924
"ENSG00000168264.13",346.038044528258,-3.24064519991518,0.835584679585895,-3.87829657374905,0.000105190433847002,0.00607673979772965
"ENSG00000168243.12",67.7883172215353,-9.90508762800004,2.15835954535232,-4.58917405551316,4.45003263731885e-06,0.000443578089880717
"ENSG00000182901.18",88.5226209362003,22.3376933362667,4.78520774647722,4.66807179953916,3.04039656937355e-06,0.00032200755610775
"ENSG00000286496.2",67.6812378644199,9.19344205065013,2.53888108273376,3.62106051881367,0.000293397867009443,0.013641755570379
"ENSG00000117020.19",132.33902758333,-6.41819437045881,1.40529096309269,-4.56716405286914,4.94367096532096e-06,0.00048022882733828
"ENSG00000162849.16",129.471197261356,4.96307767251373,1.33794413750458,3.70948048830383,0.000207684961048184,0.0103509913102805
"ENSG00000225964.6",24.4048188490628,7.7219850215681,2.04544054716088,3.77521851333514,0.000159867461249029,0.00849884944103095
"ENSG00000134326.12",75.3338483599831,5.87691013644805,1.45507064885822,4.03891738250622,5.36984733062397e-05,0.00338083155483538
"ENSG00000134324.13",1048.21555546276,-4.34110615819104,0.734353782337655,-5.91146428683471,3.39079788118935e-09,1.43647384683386e-06
"ENSG00000115884.12",51.7161371168129,5.48775619309546,1.74744501211957,3.14044571075748,0.00168690970031626,0.048944648200343
"ENSG00000119772.20",156.854277786965,-5.11238054431962,0.854986436699838,-5.97948730514708,2.2384100467957e-09,1.00405857716709e-06
"ENSG00000171303.8",133.058982523752,-24.2336452308535,4.78526598189121,-5.06422115772882,4.10073375037932e-07,6.44745262134381e-05
"ENSG00000221843.6",56.0200988827823,4.40292236961625,1.2884592703521,3.41719949627361,0.000632688986515919,0.0241228493333857
"ENSG00000158089.16",44.2153805576824,8.57929814523547,2.27998895683997,3.76286828911937,0.000167975678222914,0.00877327763211528
"ENSG00000214711.11",12.82725248975,6.79397704440508,2.13038611667375,3.18908248191777,0.00142725147602396,0.043973762143114
"ENSG00000013016.17",635.002159854766,6.95246507870662,1.82152506516575,3.81683744663374,0.000135173161212403,0.00746929667264625
"ENSG00000150938.11",101.139626867958,-5.68715507137088,1.73459439159883,-3.27866566323257,0.00104299125301401,0.0354242726457297
"ENSG00000227292.2",86.0105025153532,-23.0058491551585,4.78554996589024,-4.80735742373108,1.5293841665717e-06,0.000184366800610582
"ENSG00000143889.16",157.761256655419,5.81792177413532,1.72669486921328,3.36939773081396,0.000753326405366886,0.0275725990116923
"ENSG00000075340.24",253.173488868119,-11.8070860350977,1.93644652738041,-6.09729515798719,1.07878222622728e-09,5.67327852834213e-07
"ENSG00000042493.17",49.7010177771078,-4.49818714018096,1.22418974799283,-3.67441987449751,0.000238390437768295,0.0115053562227983
"ENSG00000243466.1",220.824120989738,-24.927741130616,4.78505927703932,-5.20949473922499,1.89355576571989e-07,3.60982737287425e-05
"ENSG00000253497.1",22.1276073694923,-8.29421055447194,2.56550100632597,-3.23297887391984,0.00122506621859362,0.0393760832367612
"ENSG00000242371.1",13.3739748998349,-7.56011806485256,2.35289457117768,-3.21311382050941,0.00131304243245684,0.0413744011103292
"ENSG00000196843.19",101.155228111152,-4.09225207858734,1.16596569539331,-3.5097534127768,0.000448522434988558,0.0191608281680966
"ENSG00000189223.16",107.035062406083,-8.11822641746602,2.34245218183335,-3.4656956843884,0.00052886151169626,0.0211143112954965
"ENSG00000115107.21",27.0228379938783,-7.12588043295203,1.91980221725919,-3.71177841596897,0.000205808122061221,0.0102910808837891
"ENSG00000155368.19",845.338142465756,-2.53299792627566,0.750130968062959,-3.37674090807976,0.000733501072766328,0.0271833902653808
"ENSG00000290596.2",49.6625757114266,8.74677988808769,1.82914669759815,4.78189086724048,1.73653952490938e-06,0.000199127551085662
"ENSG00000121966.8",587.089444866318,-7.9835688132698,0.914016378366267,-8.73460148224018,2.44516649851481e-18,1.24304114229498e-14
"ENSG00000168280.18",372.392157241401,4.66060337669674,0.948360318979126,4.9143804136741,8.90636681068597e-07,0.000118109127217995
"ENSG00000054219.12",34.6384513781066,-8.93805837439699,1.86162428434233,-4.80121496564738,1.57705863489994e-06,0.000187904072194211
"ENSG00000153250.22",63.068483145291,-6.75864729285579,1.24919846430639,-5.41038712900474,6.2888650360782e-08,1.47556124100352e-05
"ENSG00000136560.15",544.890238497891,2.64198628338577,0.825510087420847,3.2004288301796,0.00137223254026207,0.042710037697014
"ENSG00000082438.19",830.634100519121,24.9402290035761,4.78478628405713,5.2124018760622,1.86411173881752e-07,3.59867950996277e-05
"ENSG00000178662.17",324.992378032255,11.4570139429992,1.8078071375291,6.33752002918775,2.33492864670214e-10,1.42439987163417e-07
"ENSG00000071909.19",136.503595447626,8.79028183468416,1.8661090591043,4.71048666303743,2.47125972199251e-06,0.000275103518394947
"ENSG00000230552.7",24.0559673020712,7.70099495800137,1.9428764906745,3.96370793252424,7.37945288626969e-05,0.00450176143873996
"ENSG00000232568.2",17.5587935480295,-7.95374429287255,2.17834653539669,-3.65127593963103,0.00026094069283357,0.0123590264174061
"ENSG00000204186.12",340.241057101349,-4.67463959586499,1.44681996634258,-3.23097531455972,0.0012336859404442,0.0394443276262358
"ENSG00000114948.14",30.2702868336463,-5.25280471622702,1.5141006656199,-3.46925725316712,0.000521899459144301,0.0210012893177038
"ENSG00000227308.3",20.8569889748562,7.49529499365078,1.98735118449913,3.77150000066033,0.000162269157555225,0.00858455073355627
"ENSG00000288902.3",20.9529090818687,6.00293804221414,1.85534660482787,3.2354806517519,0.00121438115408562,0.0393760832367612
"ENSG00000135905.21",284.301684032726,-8.95764877803472,2.1657787724828,-4.13599435540034,3.53420877878144e-05,0.00243892389525772
"ENSG00000081052.14",115.003566530229,-4.63406678943995,1.14244193062626,-4.05628213146873,4.98600275990685e-05,0.00319502218871174
"ENSG00000169031.22",129.414841597842,-5.28168774764536,1.12065016946247,-4.71305666261466,2.44028304169451e-06,0.000273652622565316
"ENSG00000187957.9",47.777864848786,8.69105284201537,2.53058198959605,3.43440871615572,0.000593848048410149,0.0230320091825218
"ENSG00000163053.12",46.9959699200412,-5.90131705573066,1.43311327036979,-4.11783016579556,3.82456372802497e-05,0.00259237428516039
"ENSG00000135916.16",643.028239647945,-7.63230887507321,2.26492104644155,-3.36979025695595,0.00075225418671216,0.0275725990116923
"ENSG00000135914.7",114.429935970574,-7.61230449788851,2.2593892131921,-3.36918688176515,0.000753902943274257,0.0275725990116923
"ENSG00000237039.1",62.2640708803154,-7.33018864766844,1.53025005875914,-4.79019007756966,1.66623397514753e-06,0.000193982704999809
"ENSG00000156966.8",213.120804303489,-4.93422972319604,0.958548102984167,-5.14760783296604,2.63829343598239e-07,4.62489806806522e-05
"ENSG00000077044.12",1025.90379910227,-2.52854392648025,0.707962209723701,-3.57158036368506,0.000354833632214027,0.0157313015258608
"ENSG00000293137.3",36.8018445595783,4.64059307831397,1.4225665724073,3.26212717796471,0.00110579521439145,0.0369025882159389
"ENSG00000134107.6",544.457135544274,-6.55705154079624,1.13007661235972,-5.80230709058248,6.54086264030798e-09,2.55781272121377e-06
"ENSG00000163513.21",389.964987106985,-12.4305968902453,1.73870241559641,-7.14935274647407,8.71880195963897e-13,1.47744942984949e-09
"ENSG00000168016.16",1196.03967477005,2.94456692385711,0.847213059969953,3.47559198858613,0.000509727144405935,0.0206202882740979
"ENSG00000170011.15",204.097199596329,8.48303821651773,2.23180047817823,3.80098413790209,0.000144122529017108,0.00785004532157115
"ENSG00000164050.14",108.93022356779,3.51270393548599,0.977208023207641,3.59463272104101,0.000324849514647948,0.0147414649829383
"ENSG00000114251.15",385.5197804679,11.7033860661239,1.74513660092202,6.70628652217856,1.99639550941862e-11,2.242218863141e-08
"ENSG00000244586.1",14.8937800217039,7.00916527693839,2.20231359088675,3.18263725290647,0.00145940327435533,0.0448737083411152
"ENSG00000144749.15",56.0329733086479,4.53213588965212,1.21402204584332,3.73315781634252,0.000189094030223864,0.00959988683412778
"ENSG00000270562.2",28.4611331302959,4.06565981169198,1.22544832516365,3.31769176080847,0.000907645879255583,0.0315319072996057
"ENSG00000185008.19",384.102235348344,11.6980863727625,1.70874692033235,6.84600290046883,7.59419396614263e-12,9.65158768147011e-09
"ENSG00000169855.21",828.169873383852,25.4485919628658,4.78478642711989,5.31864741519593,1.04541499578222e-07,2.31067015951806e-05
"ENSG00000248839.2",19.2550349008847,-8.08687114592827,2.31605775583856,-3.49165348987608,0.000480040563975002,0.0199484976598985
"ENSG00000154165.5",256.138014236697,-11.8242111345484,1.72433506945751,-6.85725839715614,7.0194598058732e-12,9.65158768147011e-09
"ENSG00000153283.15",120.194163771455,-24.098808115769,4.78532165280189,-5.03598501088401,4.75397761968661e-07,7.39825639569801e-05
"ENSG00000163606.11",18.7196415461857,-8.05382479460233,2.14726217387073,-3.75074124278183,0.000176312578257075,0.00908426733445489
"ENSG00000243276.7",39.4665852346238,8.41519338009192,2.63023777327568,3.19940404840726,0.00137712018924015,0.0427748676295347
"ENSG00000082781.13",65.2289449774595,-9.84992990162158,2.49404865788886,-3.94937358999213,7.83559773249989e-05,0.00468630200071983
"ENSG00000169255.16",55.3965801080443,6.33997617037874,1.6528324387254,3.83582510957245,0.00012514344053741,0.00704266646360161
"ENSG00000234851.4",538.730000157948,-5.11952299354788,1.14386334103092,-4.47564215925817,7.61819886094831e-06,0.000671590467215738
"ENSG00000163536.14",37.5231016685341,-6.00333590922968,1.52841682306206,-3.92781328931101,8.5721717484929e-05,0.00505078400260013
"ENSG00000163584.19",609.949430788651,-4.59385714891973,0.779787489328777,-5.89116549288834,3.83481267979591e-09,1.5806683291775e-06
"ENSG00000197584.14",19.5401063070432,-8.11544443167096,2.46146603984975,-3.29699630232003,0.000977247878108819,0.0337194737308543
"ENSG00000145012.16",1027.41512312651,2.4457710315117,0.759341345870839,3.22091118152773,0.00127783742816543,0.0405162133408545
"ENSG00000152492.16",676.045340965025,-13.2243837471716,2.0783469828305,-6.36293355075934,1.97936338412813e-10,1.31249004223209e-07
"ENSG00000174004.7",142.964642184564,-7.54553208963636,1.84472904235682,-4.09031999626146,4.30778431324071e-05,0.00285643558961887
"ENSG00000114473.15",129.703613274444,2.73336844054709,0.819833877515119,3.33405158717253,0.000855907820995185,0.0303889035994107
"ENSG00000272602.6",26.9873379455876,5.39081959216416,1.69656386433144,3.17749287574772,0.00148554339628402,0.0453120446734551
"ENSG00000185818.8",211.283582061416,-11.5460554569938,1.97430504656782,-5.84816185171878,4.97034815193848e-09,1.99480999118984e-06
"ENSG00000168824.16",110.085611016567,-6.32779974861373,1.90205988454999,-3.32681415554423,0.000878449382704682,0.0307275952652044
"ENSG00000173040.14",25.050692053448,7.75965525444624,2.36313594659107,3.28362626180685,0.00102480727387172,0.0350387666489275
"ENSG00000287416.1",32.2489327201404,8.12401928353683,2.39077893359422,3.3980637730162,0.000678645981388228,0.0254300488013559
"ENSG00000163697.19",60.4958601481163,-5.25295887097578,1.57494735004492,-3.33532347657588,0.00085200227475817,0.0303595483465814
"ENSG00000124406.18",888.472225583961,2.86864203284758,0.906889384261421,3.16316640444946,0.00156063098491894,0.0469451344201159
"ENSG00000074966.13",84.6362776299083,-5.59925003681343,1.64640096631453,-3.40090303114153,0.000671636480025549,0.0252293792041124
"ENSG00000132464.13",26.5578259872304,-6.07989259150352,1.64822330978352,-3.68875537399242,0.000225353761373173,0.0110510296292677
"ENSG00000132465.13",1724.92237729495,-5.79633439103128,1.40573811411448,-4.12333871638858,3.7341995628787e-05,0.0025538241046396
"ENSG00000173542.9",704.901350991668,2.5593262790419,0.716811556798118,3.57043110531588,0.000356394185506663,0.0157546890526438
"ENSG00000169435.15",458.315374536909,6.07976316178679,1.22421378781735,4.9662593431711,6.82566623378266e-07,9.72880707770274e-05
"ENSG00000248713.2",88.0223404146063,9.57256852778714,2.27326745891751,4.210929290452,2.54322346746993e-05,0.00182097188274103
"ENSG00000138801.10",350.573106946347,2.98598424958371,0.737578933899182,4.04835891095536,5.15780110901139e-05,0.00329128136876706
"ENSG00000138795.11",182.495820026879,-11.3354667657349,1.72822938724444,-6.55900591055717,5.41676558635300e-11,4.58950510874832e-08
"ENSG00000145362.22",63.6356678924494,-3.08782605707246,0.972425249807237,-3.17538654789616,0.00149637022356785,0.0454604427881141
"ENSG00000174607.13",82.7197809935717,-10.1926189830748,1.84244643989352,-5.53211141576733,3.16398814526277e-08,8.61678271489331e-06
"ENSG00000164056.12",30.4944072490623,-8.75114422871942,2.12480083031639,-4.11857154038119,3.81228220331707e-05,0.00259237428516039
"ENSG00000151012.13",339.150705391138,3.16767460844504,0.850171344351645,3.72592493206268,0.000194600317187701,0.00982731601797888
"ENSG00000109436.9",372.342043304858,-7.19379303839563,2.15539061848268,-3.33758204972601,0.000845107658711835,0.0301843955574103
"ENSG00000248809.7",92.957806182135,5.02839768783467,1.51008019710807,3.32988784136396,0.000868809729404747,0.0304602693865559
"ENSG00000307093.1",36.9301648757869,8.31958937790361,2.04135015820066,4.07553272743609,4.59091246723645e-05,0.00299042699261596
"ENSG00000145451.13",247.225503069615,-6.98065318513534,1.85493929933549,-3.76327850061513,0.000167700264007841,0.00877327763211528
"ENSG00000150625.18",46.4907899458933,-6.89589859145961,1.80744385374458,-3.81527679389488,0.000136030367642818,0.00748952757011052
"ENSG00000164236.12",654.287332783178,-7.71636623422462,1.15311796824592,-6.69174052153782,2.20531656593764e-11,2.242218863141e-08
"ENSG00000197603.17",89.675410926445,-10.3091422573376,1.84490867790697,-5.5878875636453,2.29848374572676e-08,6.58187659857627e-06
"ENSG00000082074.20",126.877224257449,8.6797567302681,1.73393090597409,5.00582618394012,5.56229333628853e-07,8.48305356717363e-05
"ENSG00000171522.7",174.950593988016,-6.48994877487087,1.49596770116331,-4.3382947170745,1.43592518800778e-05,0.00112304077140034
"ENSG00000198865.11",62.868940068141,9.08699343389835,1.79129259993095,5.07286940963673,3.91861429820319e-07,6.22529027728092e-05
"ENSG00000178996.15",87.482967204734,-5.07673986641433,1.54987901679696,-3.27557171327224,0.00105448338862398,0.0355794826546555
"ENSG00000145703.17",375.195717277294,-8.94333838716368,1.99636278090197,-4.47981623015584,7.47073318279718e-06,0.000662419487039766
"ENSG00000152409.11",46.9786308652683,-9.37540040502086,2.0635865975254,-4.54325513465904,5.53921412912426e-06,0.000515883286299399
"ENSG00000152413.16",52.1468193999568,-7.06519290135263,1.58227722829957,-4.46520544882353,7.99919540812723e-06,0.000697118452396277
"ENSG00000113319.14",74.2597172372033,5.62589463184691,1.61363768798825,3.4864670512628,0.000489445671765717,0.0201704410725344
"ENSG00000214485.6",35.2307069432359,-3.83364486744452,1.12902816694189,-3.3955263293638,0.000684967854746985,0.0255414297133161
"ENSG00000253522.7",78.9314102684574,-7.66516806396484,2.2399824689634,-3.42197681016318,0.000621676156400044,0.0238220679931082
"ENSG00000290043.3",40.8308406946798,4.66720186024127,1.17985203014666,3.95575185785044,7.62943219611412e-05,0.00458096340247781
"ENSG00000137265.17",618.631418425308,-8.20457474515836,1.38639953464734,-5.9179006773436,3.26076769637067e-09,1.42085623249569e-06
"ENSG00000054598.9",28.7719286890466,-8.67265018594978,1.97394588113593,-4.39356026364766,1.11509259430958e-05,0.000929304762612862
"ENSG00000124570.22",72.4381122023417,-6.95760569145441,1.69124891263251,-4.1138862762812,3.89053157247562e-05,0.0026254202217622
"ENSG00000124491.17",133.837946940047,6.87406761197393,1.68126984053005,4.08861650061288,4.33953591393853e-05,0.00286503299668729
"ENSG00000112149.12",425.188094551282,-5.19494593949167,1.1880278489271,-4.37274761208941,1.22692536241349e-05,0.00100063308567744
"ENSG00000137177.20",17.7847699006222,-7.97206086447552,2.32159288423435,-3.43387547343584,0.000595017481995514,0.0230320091825218
"ENSG00000137393.11",448.147823490664,4.0580799679265,1.06074852720186,3.82567579766645,0.000130413828668248,0.00725890985773524
"ENSG00000079691.20",78.1749625401627,-23.5103288305603,4.78563086088339,-4.91269166260361,8.98344945071627e-07,0.000118109127217995
"ENSG00000276966.3",23.9614654450869,-4.30200432358192,1.22983176675723,-3.49804293551894,0.000468685673868537,0.0197478630877702
"ENSG00000204580.15",31.4611939340818,-5.31808158575491,1.28009142690618,-4.15445449752603,3.26064493300617e-05,0.00227068930928206
"ENSG00000204528.4",12.5689932565736,-7.47757637220696,2.15137028159519,-3.47572727771554,0.000509470093747606,0.0206202882740979
"ENSG00000204520.15",39.3462800012937,-5.33332363227858,1.47725907306336,-3.61028321269267,0.000305862851490807,0.0140851999275899
"ENSG00000204475.11",40.6131367399484,-7.71141327773829,2.05039157742053,-3.76094662242006,0.000169271551715132,0.0087914788707002
"ENSG00000242574.10",1094.36564361128,-2.85909182472078,0.838414858585626,-3.41011588170558,0.000649352826471642,0.0245738956737445
"ENSG00000204252.15",513.507443323725,-2.49769500682739,0.717393100046331,-3.48162674922032,0.000498377852090243,0.0203228893642468
"ENSG00000124507.12",135.68849692944,-5.85999718352494,0.946634641217323,-6.19034728751242,6.00318030983516e-10,3.26980367518914e-07
"ENSG00000137193.15",265.085442763178,-5.05844820923723,1.33784915627674,-3.78103030936237,0.000156180656267932,0.00838701122796562
"ENSG00000124813.24",110.11824971258,-6.13441854404494,1.15733960663619,-5.3004481215973,1.15518788055874e-07,2.48137610794385e-05
"ENSG00000082293.13",76.6399291520246,-7.63245370128759,2.05366342182697,-3.71650661942338,0.000201996351350041,0.0101337051132877
"ENSG00000196586.18",309.582191282566,-4.51434243593011,1.2948119030847,-3.48648512202841,0.000489412605895218,0.0201704410725344
"ENSG00000135324.7",41.3280783047579,8.48183255129104,2.62585500286628,3.23012220478001,0.00123737316686078,0.0394794522338782
"ENSG00000112218.10",21.3760459461585,-8.23818670322803,2.0822300590606,-3.95642482797733,7.60798138278692e-05,0.00458096340247781
"ENSG00000219135.1",137.342426465311,-5.43479925944717,1.38920196465486,-3.91217360594318,9.14691171032186e-05,0.00536536732669687
"ENSG00000164484.13",16.2863760819865,-7.84496327273931,2.22313224286921,-3.52878840109596,0.000417466786123192,0.0180915895211044
"ENSG00000079931.16",20.8678356042264,-8.2066492481664,1.96661907492578,-4.17297348164698,3.00649946233267e-05,0.00210330840825851
"ENSG00000146409.13",66.8774439426827,-6.42724417267785,1.15070460355421,-5.58548575614097,2.330478895306e-08,6.58187659857627e-06
"ENSG00000118515.13",166.66188357408,-4.09887832565349,0.948542187920868,-4.32123987509498,1.55154888359e-05,0.00120115086414371
"ENSG00000112379.10",20.1880149352354,-8.15541453296089,2.38995116645081,-3.41237705918153,0.000643989681046835,0.0244315587702619
"ENSG00000112419.16",60.2322954217577,-5.66392055782257,1.79217284726142,-3.16036512129814,0.00157571541481108,0.0471200701789878
"ENSG00000135604.12",12.1732981881347,-7.43306725843641,2.22132451909508,-3.3462320316279,0.00081917815340981,0.0293269624827536
"ENSG00000111962.9",41.4079336719311,-9.19345157510866,2.34069192419213,-3.92766407235831,8.5774903722604e-05,0.00505078400260013
"ENSG00000198729.6",18.7177499349729,-8.04610871154111,2.39606530031255,-3.35805068020957,0.00078494220068761,0.0284350439493747
"ENSG00000074706.15",351.38992826762,-10.8306622777942,2.49490032225118,-4.34112023682834,1.41758120016096e-05,0.00111440880843582
"ENSG00000130340.18",261.928224420311,-9.40165692304353,1.83479898405851,-5.12408007892363,2.98993898446745e-07,5.13166718707577e-05
"ENSG00000078269.15",141.409089181082,-6.16609511384518,1.74739881821473,-3.52872798674827,0.000417562095038275,0.0180915895211044
"ENSG00000164694.18",573.660249837026,7.86137083279778,2.23095671796496,3.52376662868153,0.000425458796400671,0.0183295822144255
"ENSG00000236081.2",103.286116268437,-23.8948077434535,4.78541589359292,-4.99325623410196,5.93697064564193e-07,8.81874900544711e-05
"ENSG00000174945.15",140.04935735012,-5.80047760031739,1.70288289782312,-3.40626922011632,0.000658572023021972,0.0248595853358515
"ENSG00000230333.7",66.5497385553377,9.16917276795852,2.0427257057829,4.4886950519107,7.16607924369616e-06,0.000646685648198877
"ENSG00000106546.15",41.4329165169416,-5.73689146761003,1.45302365011545,-3.94824369662132,7.87266422164979e-05,0.00469007820485863
"ENSG00000136237.20",909.347398124738,6.37591633995954,1.64157281470737,3.88402895249952,0.00010273966554305,0.00598046808853839
"ENSG00000233476.3",156.982547079873,-2.68336000459093,0.776178811987049,-3.45714152866582,0.000545938045633748,0.021570210191607
"ENSG00000136193.18",1346.90257656225,11.1372786341722,1.39118158264036,8.00562541450158,1.1886102381336e-15,4.53187368544387e-12
"ENSG00000180354.17",737.945096034042,4.08567929788378,0.793174475389119,5.15104737312608,2.59035741229283e-07,4.59366754591604e-05
"ENSG00000281103.5",90.6879280764641,3.76771576752475,1.18629890014144,3.17602567706632,0.00149307734962035,0.0454509434312573
"ENSG00000158683.10",42.9430638293139,4.54427100873767,1.28173890839075,3.54539522752188,0.000392024800536488,0.0171311467993753
"ENSG00000086730.18",379.097547166956,-4.76180538758731,1.08284442558133,-4.39749725361602,1.09506269997628e-05,0.000917626441611993
"ENSG00000106665.17",512.734776066006,-8.57819865664114,1.84299291600431,-4.6544935589004,3.24777989159835e-06,0.000341599249150113
"ENSG00000106211.11",162.533322562632,-4.06050859581923,0.966875979244061,-4.19961678952236,2.67367096068973e-05,0.00190542784212519
"ENSG00000127951.8",39.9521676856758,6.05903406178265,1.53111130135392,3.95727864879895,7.58084805446125e-05,0.00458096340247781
"ENSG00000157240.4",170.952071583134,2.65734734288322,0.818403423116331,3.24698952597794,0.00116632681931454,0.0384182512340519
"ENSG00000105854.14",57.6235148051812,-9.67053943846804,2.20762083386823,-4.38052553686185,1.18393415630166e-05,0.000970762355793363
"ENSG00000241468.9",3353.64611226047,-3.91649334912564,0.965120602328998,-4.05803517164019,4.94873161428061e-05,0.00318451923415162
"ENSG00000308821.1",26.7134209917721,-7.11530234443912,1.90148619401547,-3.74196897502229,0.000182584060786362,0.00934426010420406
"ENSG00000091129.23",342.484366910939,-9.81164227524885,2.38869369755556,-4.10753471041073,3.99904694353816e-05,0.00268676056986346
"ENSG00000173114.14",359.550494563321,-5.72014963910834,0.988851539881416,-5.78463946144465,7.26680148688215e-09,2.77064973691099e-06
"ENSG00000105967.17",29.3771711868757,-8.69758861597239,2.3755270402574,-3.66133008320964,0.000250909244306637,0.012047659172346
"ENSG00000135269.19",207.771613215074,-11.5222194167259,1.73285108651235,-6.64928423821824,2.94521744590548e-11,2.64220654514732e-08
"ENSG00000182158.17",46.2144237411574,-9.35245686769545,2.58171259055282,-3.62257863323695,0.000291680751895851,0.0136037405112038
"ENSG00000064393.17",142.896838930919,-8.54493572977231,1.85568983545695,-4.60472195649452,4.13017304337751e-06,0.00041992846056367
"ENSG00000211772.11",65.5683824091518,-9.85723040810194,2.33343832546629,-4.22433723682505,2.39644972513007e-05,0.00175712763259417
"ENSG00000164867.12",16.5460505610883,7.16108185856512,2.03790040071203,3.51395085651049,0.000441494483671013,0.0189135740743444
"ENSG00000253161.8",39.0572130476865,8.40014002973988,1.97657816854672,4.24983952742738,2.13923718382272e-05,0.00158376244128545
"ENSG00000077782.24",546.237942360241,-6.15393011962458,1.33996518404224,-4.5926044892153,4.37748208511514e-06,0.000439216968947967
"ENSG00000019549.13",57.4763018877931,8.95754090857559,2.21822152645565,4.03816336724864,5.38713316976538e-05,0.00338083155483538
"ENSG00000164684.13",44.1985821742459,-7.8424829511395,2.44190032328139,-3.21163107124736,0.00131983748233892,0.0415027658621667
"ENSG00000164930.13",83.7636897694512,-5.55343960704973,1.47825806116723,-3.75674569477046,0.000172137263406554,0.00889920476004528
"ENSG00000182197.13",367.042528064212,4.84270550200618,1.51742496792097,3.19139700768281,0.00141586580116788,0.043799937796372
"ENSG00000172164.15",206.212047277337,-6.46438510482179,1.28477359226289,-5.03153640746614,4.86564684288775e-07,7.49555353544254e-05
"ENSG00000170873.20",184.045675604143,-6.06608134343077,1.58126216575331,-3.83622746108069,0.000124938700453122,0.00704266646360161
"ENSG00000042832.12",28.5734003467612,5.36030094805574,1.70547731591463,3.14299164112955,0.0016723061546308,0.0488588911192994
"ENSG00000178445.11",513.755287029511,-11.3790183803947,2.48730869246197,-4.57483159001531,4.76603206187592e-06,0.000465940737023523
"ENSG00000212829.8",31.7250687163125,-5.31823251010459,1.59563964095688,-3.33297843297209,0.000859216024894011,0.0304034886210175
"ENSG00000120162.11",82.5122824523233,-7.72940060865532,1.86862534487397,-4.13641002454487,3.52781590250054e-05,0.00243892389525772
"ENSG00000107159.15",35.4687830642487,5.68903900913602,1.62816267522195,3.49414655901046,0.000475579862334667,0.0198714204944274
"ENSG00000122694.17",22.5819853901402,-5.24376534232995,1.5773059489728,-3.32450742720198,0.000885748741628614,0.0308414476223242
"ENSG00000290549.2",60.0005241319624,-7.2768720035141,1.98809579407545,-3.66022202008539,0.000251996805191683,0.012047659172346
"ENSG00000290559.2",15.777219934448,-7.79904100688664,2.41237242137008,-3.23293407676136,0.00122525833564945,0.0393760832367612
"ENSG00000119138.5",29.0617351205513,-4.15902811698828,1.31526292773754,-3.16212677273773,0.00156621363805992,0.0470203232166375
"ENSG00000119125.18",140.410307525064,-24.312399154981,4.78523876359948,-5.08070764199301,3.76031457912523e-07,6.19093532752256e-05
"ENSG00000135046.16",103.653682518503,-23.8918580926801,4.78541351799849,-4.99264232919895,5.95587927061211e-07,8.81874900544711e-05
"ENSG00000187764.13",893.077052667642,-6.36942892763446,1.69263890729814,-3.76301696727602,0.000167875807230811,0.00877327763211528
"ENSG00000106789.14",153.432686376077,4.71628594907348,1.4735772733396,3.20056914177623,0.00137156457732142,0.042710037697014
"ENSG00000095397.19",81.1477548093804,-10.1649136057785,2.23751862627705,-4.54294032970429,5.54749583326348e-06,0.000515883286299399
"ENSG00000181634.8",148.350101876987,7.81091682895661,1.39270362247005,5.60845588604377,2.04139715896993e-08,6.08234704731301e-06
"ENSG00000106780.10",1094.13228632613,4.59965355909878,0.924494490732564,4.97531743586059,6.51408025320542e-07,9.52504457550407e-05
"ENSG00000148180.23",389.040293904102,3.66960913009547,1.02423884053813,3.5827670118109,0.000339973817472474,0.0152051046635563
"ENSG00000185585.21",20.4022913926574,-8.17801063430419,2.19093296576576,-3.73266127357112,0.000189467309492654,0.00959988683412778
"ENSG00000136830.13",22.0258461855634,-8.28135709668063,2.3850972958907,-3.47212548140013,0.000516354923202373,0.0208331453274058
"ENSG00000148400.14",375.490548209196,-4.88970693376865,1.47487594373271,-3.31533438764583,0.000915335601688747,0.0317267801394433
"ENSG00000188747.10",30.3056428429147,-7.29957092890955,2.24777649489421,-3.24746296862272,0.00116438815282372,0.0384182512340519
"ENSG00000296323.1",23.8654598824102,7.68972711141047,2.00519616206316,3.83490017430438,0.000125615301736236,0.00704323149551227
"ENSG00000270111.5",96.1614455959815,9.70017849406716,1.85591009560745,5.22664245268425,1.72615838356906e-07,3.37508224459125e-05
"ENSG00000048740.20",699.154867843102,-7.30666448896544,1.22010860745759,-5.9885361387547,2.11738095319261e-09,9.78550815670926e-07
"ENSG00000183049.14",674.061295586899,-9.76528646091893,1.42324463367719,-6.86128458161736,6.82440563347602e-12,9.65158768147011e-09
"ENSG00000285994.1",27.0330212058283,-8.58304856274728,2.01493458539125,-4.25971573716408,2.04687052495434e-05,0.00152277182322335
"ENSG00000123240.18",65.9830040850184,-4.55582639204354,0.99425063543858,-4.58217096339485,4.60173428277043e-06,0.000452780964816335
"ENSG00000229124.9",11.5506809614967,-7.3515336198199,2.17955445194893,-3.37295249184816,0.000743667827590386,0.0274616901660556
"ENSG00000026025.17",795.686407647881,-8.42143933400776,0.962150945786071,-8.75272156712115,2.08268085111297e-18,1.24304114229498e-14
"ENSG00000150275.20",143.493841646046,23.0119007259878,4.78502703202102,4.80914748694082,1.51575343042762e-06,0.000184366800610582
"ENSG00000182010.12",277.496702112727,-5.83345947950471,1.57872838477574,-3.69503680035077,0.000219854941983156,0.0108863887018997
"ENSG00000122862.6",103.996907191968,-4.48988122274951,1.42912133831301,-3.14170749703418,0.00167965745009786,0.0489049142484807
"ENSG00000108239.10",20.3416811551996,-6.71325111910339,1.91965850804895,-3.49710695467728,0.000470333223013639,0.0197478630877702
"ENSG00000107438.10",1112.8282122757,-6.85846227031039,1.19933734716601,-5.71854306589942,1.07441287762455e-08,3.48635548864935e-06
"ENSG00000187122.17",40.9833703570217,4.98095073679238,1.28844147486406,3.86587271053031,0.000110692662702049,0.00632274831037061
"ENSG00000119927.15",753.94209536326,3.08161774622984,0.815530535224119,3.77866629528833,0.000157670545057166,0.00843731046549766
"ENSG00000303377.1",40.3010628863124,8.44540168147589,1.88829800879299,4.47249408840621,7.73125382489553e-06,0.000677639954502768
"ENSG00000151651.17",54.1687920932327,-3.49045628190527,1.06285128786699,-3.28404953896249,0.00102326933946593,0.0350387666489275
"ENSG00000255026.2",72.5011834292981,-8.55961735016377,2.45685784906935,-3.48396931202435,0.00049403613047242,0.0201998526161793
"ENSG00000130598.17",64.9767329170348,-7.39286181535212,2.12194412554048,-3.48400399726317,0.000493972110402665,0.0201998526161793
"ENSG00000239470.3",81.1431750829965,-5.51067737294056,1.22932481062127,-4.48268620736255,7.37092765214808e-06,0.000657391915923453
"ENSG00000152270.11",35.9661806752898,-8.98987048644589,1.95714641037831,-4.59335614278758,4.3617373528423e-06,0.000439216968947967
"ENSG00000135363.13",111.673043385469,-6.00075033336061,1.29408901953491,-4.63704601675489,3.53423750872741e-06,0.000364193623281093
"ENSG00000247675.9",16.5597534918065,7.16255248918072,2.2155358053937,3.23287598049355,0.00122550752869765,0.0393760832367612
"ENSG00000134569.11",530.327675295692,7.29001827662901,1.14933212396863,6.34283000065872,2.25582314073784e-10,1.42439987163417e-07
"ENSG00000124942.14",657.202398879731,-8.40833160551146,1.71004139962999,-4.91703394276351,8.786532139922e-07,0.000118109127217995
"ENSG00000132744.9",47.0866005870852,-6.32398761019677,2.01589500290539,-3.13706200029386,0.00170650036466604,0.0492913580710639
"ENSG00000158555.16",579.109179818706,5.60059297789745,1.70609405032151,3.28269885053642,0.00102818440961598,0.0350387666489275
"ENSG00000240652.1",120.521932481304,-3.19021192471706,0.791843305005492,-4.02884245475174,5.60521645892179e-05,0.0034891900495925
"ENSG00000150764.15",51.2717908326537,6.42985315100213,1.59264616207879,4.03721385458878,5.40897580079885e-05,0.00338083155483538
"ENSG00000254968.9",118.093346559428,22.740104430165,4.78508962651517,4.75228390794551,2.01131680891259e-06,0.000228914870542731
"ENSG00000160654.12",221.856883329716,23.600947105861,4.78492423725489,4.93235544297788,8.12439022955722e-07,0.000111626194045925
"ENSG00000186174.14",88.5772929233225,-5.49739584686023,1.30516825617779,-4.21202080332496,2.53096228226134e-05,0.00182074083805508
"ENSG00000036672.17",72.7793886159668,6.35621600655909,1.35781340710052,4.68121464504623,2.85180150618505e-06,0.000308459750147717
"ENSG00000245248.11",52.7784286129844,4.64593188022055,1.2707253622472,3.65612587758894,0.000256055656233991,0.0121654355552168
"ENSG00000110400.11",340.043391765139,-4.36325297364523,1.34572339750922,-3.24231040473927,0.00118564808313935,0.0387201689849213
"ENSG00000109943.10",54.0332106536995,8.86854755012101,2.53254926445839,3.5018262722789,0.000462080812949985,0.0196692832444626
"ENSG00000149418.12",335.936415865705,-4.37973790370038,1.18688118963867,-3.69012327597317,0.000224145404104019,0.0110272308322271
"ENSG00000080854.16",215.023736986782,10.8611107218459,1.93750314668082,5.60572546189272,2.07384464271377e-08,6.08234704731301e-06
"ENSG00000151062.15",699.891683365491,-7.57528840702527,1.9391691528067,-3.90646086550057,9.36578035529519e-05,0.00547270177006157
"ENSG00000159335.19",260.167269466179,-4.31503711930506,1.22564413360986,-3.52062805261108,0.000430526059103069,0.0184956420489603
"ENSG00000111664.12",111.834290329218,4.11925391506266,1.18958164119946,3.46277529208436,0.000534634685804149,0.0211784768654521
"ENSG00000183542.7",611.997806359244,-26.3171914314593,4.78485902315968,-5.50009755858612,3.79581169172192e-08,9.64832068507516e-06
"ENSG00000060138.14",138.572476274736,-24.2894893993051,4.78524532381994,-5.07591309444412,3.85639535843317e-07,6.19093532752256e-05
"ENSG00000139083.12",101.941696747671,-5.19340626161365,1.6068359654208,-3.23206996443697,0.00122896961646439,0.0393760832367612
"ENSG00000151491.15",76.9536615814775,-7.03867545364688,1.6350137116182,-4.30496417469219,1.67012760746753e-05,0.00127355580707436
"ENSG00000052126.18",371.704972312948,9.12947484747693,1.45789267716527,6.2621035076658,3.79818676183644e-10,2.1454128261025e-07
"ENSG00000134548.11",235.106640759127,8.42935790953049,1.74417894273274,4.83285155152919,1.34591149471658e-06,0.000172491564755652
"ENSG00000111728.12",16.1855264304744,7.1295751197888,2.2025398072993,3.23697900767156,0.00120802297829656,0.0393473191619292
"ENSG00000029153.16",54.8186712434897,-5.52612570391521,1.58227016877616,-3.49252979229805,0.000478468218791018,0.0199374830731744
"ENSG00000187950.9",21.5903224035806,-8.25880865027905,2.56774447061773,-3.21636702747614,0.00129824681062841,0.0409928822130309
"ENSG00000139132.16",332.692393476933,-8.4297656441433,1.61049882367324,-5.23425756059642,1.65649335114432e-07,3.28093248029897e-05
"ENSG00000151229.14",56.8015348604316,-8.19936215014901,1.84838035663055,-4.43597126572789,9.16580745806384e-06,0.000780937036552691
"ENSG00000188906.18",519.137025366407,-10.3922710245337,1.55270636356004,-6.69300472286747,2.18634080372426e-11,2.242218863141e-08
"ENSG00000177119.18",423.749006282827,-5.81673671710469,1.84005347071892,-3.16117809056497,0.00157132394654049,0.0470810638677583
"ENSG00000111424.13",39.3417746216392,-4.29102824341316,1.28086920905046,-3.35009087039746,0.000807850533180281,0.0290675273508912
"ENSG00000174233.13",139.307608774867,-24.2954933379553,4.7852426631776,-5.0771705946929,3.83096882628923e-07,6.19093532752256e-05
"ENSG00000178401.17",58.0192098736201,-9.68052303696149,2.27849924472593,-4.24864000256708,2.15072217850696e-05,0.00158457313741109
"ENSG00000161791.15",309.096105243229,-3.24834688090116,0.839138843984359,-3.87104816346901,0.000108368375771761,0.00623670225998162
"ENSG00000135472.10",67.9702655081683,9.19948773996606,1.98642477469963,4.63117851586257,3.63590210554426e-06,0.000372155322225876
"ENSG00000110881.13",132.521342328817,4.38816698285908,1.04066224907928,4.21670622408132,2.47896584241358e-05,0.00180031943155474
"ENSG00000286069.3",261.41462163565,-5.13524218768716,1.63053029283524,-3.14943071603887,0.0016358889327501,0.0481639809138452
"ENSG00000155980.14",213.490850300754,6.38945007504244,1.30973656563469,4.87842383170096,1.06936944370666e-06,0.00013821146937263
"ENSG00000135643.5",270.565883373073,4.39533117923123,0.91216395845218,4.81857580372888,1.44586592068146e-06,0.000182238852531512
"ENSG00000011465.19",762.83821937987,12.687946688268,1.97386443901127,6.42797268014185,1.29316974700917e-10,8.96460536892584e-08
"ENSG00000057704.14",90.7836362293226,-5.53353397102315,1.1776201132071,-4.69891258561578,2.61550364552866e-06,0.000284921757842554
"ENSG00000180263.15",789.461829498332,6.67039170361844,0.883320315268128,7.55149812397745,4.30279744935363e-14,8.20274548751152e-11
"ENSG00000111666.12",183.616243733779,-11.3434972992154,2.00762328088239,-5.6502120727698,1.60250011634806e-08,4.88794585488484e-06
"ENSG00000139351.15",18.4917735823802,-8.02840453105363,2.21399610540304,-3.62620535395754,0.000287616658167353,0.0134967435498778
"ENSG00000122986.15",199.005829597558,-5.65853003764172,1.02781207945937,-5.50541305237246,3.68303701715146e-08,9.5203385675554e-06
"ENSG00000111249.15",640.175036883875,-26.374833936749,4.78485405163766,-5.51215014128215,3.54476325983341e-08,9.32089387512402e-06
"ENSG00000130787.15",309.420612951257,-3.56221123111947,0.989799468587728,-3.59892214955634,0.000319538820088872,0.0145471240154489
"ENSG00000139722.8",59.6082358586283,-8.27532800990854,2.2490293726591,-3.67951086389074,0.000233681734877492,0.0113815905030718
"ENSG00000198598.8",376.020273817121,-25.6556348078729,4.7849299801261,-5.36175762538469,8.2416075067232e-08,1.90430855102415e-05
"ENSG00000235315.2",11.5080148311335,-7.34376387512156,2.27201299079781,-3.23227195657135,0.00122810115072112,0.0393760832367612
"ENSG00000122026.13",776.057996994952,-3.34318711002055,0.930919205697626,-3.59127525735725,0.000329063868020517,0.0148177414824264
"ENSG00000132938.23",123.872835870909,10.0654711839818,2.2586578875896,4.45639476402666,8.33494872156192e-06,0.000722251721321255
"ENSG00000133106.16",101.940763879079,7.40910018394082,1.41444185730984,5.23817938902936,1.62168395854561e-07,3.25425026997093e-05
"ENSG00000174032.18",39.1980292925544,-6.06785860325217,1.34404351912316,-4.51462956140795,6.34275363291607e-06,0.000586262640336988
"ENSG00000102445.21",399.047523568491,-11.022356899173,1.70860399113174,-6.45108928480968,1.11049048123048e-10,8.06480491868861e-08
"ENSG00000136141.15",177.152167136686,-4.38361958736232,0.884329129938179,-4.95700010206468,7.15899390499867e-07,0.000100166803711133
"ENSG00000136111.15",154.270155408365,-5.5217494921016,1.06848579831777,-5.16782675145992,2.36831685006781e-07,4.35171087715473e-05
"ENSG00000184564.11",203.248875429818,10.779848001625,2.16781038311745,4.97268953298532,6.60303625986434e-07,9.52504457550407e-05
"ENSG00000225530.1",129.914201714179,10.1341637682412,2.31112927438084,4.38494024569706,1.1601762117154e-05,0.000961622141569109
"ENSG00000102595.23",158.002315762183,2.71677904095427,0.784318298039479,3.46387308283545,0.000532457665700331,0.0211471663010306
"ENSG00000169508.8",101.067091587624,-7.01410575867444,1.95322769636932,-3.59103332996575,0.000329369507739988,0.0148177414824264
"ENSG00000134901.15",28.5057115215531,-5.58807958992994,1.5273945281428,-3.6585698632328,0.000253626605707511,0.0120876855113914
"ENSG00000134897.15",57.4850246455981,-5.89126463424387,1.42630178494568,-4.13044749465012,3.62057781726081e-05,0.00248727172482183
"ENSG00000068650.20",397.926123191231,-3.54915396106728,0.870029679106238,-4.07934814903469,4.51621587320221e-05,0.00295608619236939
"ENSG00000126217.23",25.364910170675,-6.0191455693867,1.67127568754345,-3.60152763200549,0.00031635279037793,0.0144451988205204
"ENSG00000277734.8",164.911861720226,-4.07175720336538,0.947302116864078,-4.29826676292502,1.72138911622512e-05,0.00129964878274997
"ENSG00000139880.21",41.4780079627671,-4.89884298291328,1.2799890727259,-3.82725375340943,0.000129580911285251,0.00723896878392438
"ENSG00000186648.16",322.513241963132,5.19744527191997,1.09555203259795,4.74413365798329,2.09400560457383e-06,0.000236560588706337
"ENSG00000126778.13",67.5014515422023,9.18961498075402,2.44362856673168,3.76064312959191,0.000169477069568281,0.0087914788707002
"ENSG00000100625.9",437.944679430679,7.49957894605589,0.985798187467568,7.60762095264314,2.79187206252009e-14,6.08269154649913e-11
"ENSG00000139974.18",79.9143064579653,3.35741042337672,1.00816722136209,3.33021184604739,0.000867799324969722,0.0304602693865559
"ENSG00000198133.10",207.34402308414,3.83436729583413,1.14481072344708,3.3493460685699,0.00081002551466322,0.0290675273508912
"ENSG00000072110.18",200.683378486662,-5.34248380876069,1.69172864799921,-3.1580028009097,0.00158854031637743,0.0474106230236246
"ENSG00000156127.8",61.8986570632047,-6.00173532275219,1.43554172831501,-4.18081564915345,2.9046528975238e-05,0.00204142218157306
"ENSG00000071246.11",98.6853069973376,-5.52107951164019,1.57901074712436,-3.49654333999625,0.000471327923673749,0.0197478630877702
"ENSG00000310449.1",23.0632728977902,7.64042438910729,2.06868298342652,3.6933761481674,0.000221296313422971,0.0109222979806269
"ENSG00000258859.2",22.8258203941635,7.62536094853714,1.94067093126306,3.92923953551172,8.52149225265236e-05,0.00505078400260013
"ENSG00000100599.17",195.545245034906,-24.7637707440139,4.78509981722653,-5.17518373490631,2.27686806334878e-07,4.23469693099174e-05
"ENSG00000100600.16",85.275370015222,-23.0229097750572,4.78555692089491,-4.8109154599193,1.50240559300278e-06,0.000184366800610582
"ENSG00000100628.13",596.864968185388,-4.77449088724979,0.876602596057665,-5.44658538398364,5.13459609076117e-08,1.24297976159045e-05
"ENSG00000258987.2",61.8054498010836,-5.13438156006535,1.54173170418773,-3.33026916818218,0.000867620680102043,0.0304602693865559
"ENSG00000165959.13",771.813520571489,4.24989314376621,1.34843463666975,3.15172350827642,0.00162309887406196,0.0479726374579825
"ENSG00000211895.5",197.858128807687,-6.16450128175061,1.96061511037675,-3.14416697551925,0.00166560371423807,0.0488502350881631
"ENSG00000300403.1",163.731662410468,-7.74315192714961,2.04145489136673,-3.79295764011013,0.000148863558337638,0.00802232554136862
"ENSG00000211898.8",738.096570393833,-13.3513980138349,1.74773277025677,-7.63926742180007,2.18461142955419e-14,6.08269154649913e-11
"ENSG00000211899.10",7654.13913289776,-16.7256196998697,1.69481119150559,-9.86872153293456,5.68849902621005e-23,8.67552986487295e-19
"ENSG00000211964.3",268.911125438841,-25.191751894448,4.78500325731775,-5.26473035434658,1.40395264623778e-07,2.89347051456384e-05
"ENSG00000211967.3",722.635247628993,-26.1530667694194,4.78484169665088,-5.4658165154607,4.60780783176826e-08,1.13344640713383e-05
"ENSG00000140199.13",318.323889102464,-3.91061189611914,1.21300040060419,-3.22391640940207,0.0012645030500661,0.0402608267569062
"ENSG00000175265.20",193.167308060527,-5.29989639341218,1.10808807242878,-4.78291981051245,1.72767061330494e-06,0.000199127551085662
"ENSG00000172575.15",839.846197442855,4.27509823872456,0.772011876893903,5.53760682533136,3.06632668045901e-08,8.50264512794187e-06
"ENSG00000140284.12",30.5506648858089,-8.75398091371993,2.2753971944973,-3.84723200630206,0.000119459834887095,0.00677279532291112
"ENSG00000157483.10",1212.54461535017,-6.40362687351684,1.11763493391023,-5.72962304525745,1.00654055877031e-08,3.41127779151244e-06
"ENSG00000166831.10",21.120994969586,-8.22102994245876,2.5078961577159,-3.27805835068792,0.00104523786575165,0.0354242726457297
"ENSG00000157890.20",29.0010062788577,-4.3765216031092,1.39308842438925,-3.14159641734726,0.00168029473911245,0.0489049142484807
"ENSG00000140398.15",227.647671242407,-2.65898302361565,0.825065190939237,-3.22275506567998,0.00126964069880691,0.0403401881198004
"ENSG00000173548.9",27.5393399365476,-8.60423234369311,2.37667617790676,-3.62027962567085,0.00029428480641628,0.013641755570379
"ENSG00000183971.10",73.6203126020261,-6.98986170269036,2.04401782485083,-3.41966768474755,0.000626976770726764,0.0239649692490072
"ENSG00000240311.1",93.1559346948797,8.25270471426556,2.48193451592992,3.32510977275864,0.000883837288064189,0.0308414476223242
"ENSG00000183454.19",301.393934236742,23.0144171233273,4.78487461575838,4.80982658302732,1.51061296198972e-06,0.000184366800610582
"ENSG00000189067.16",408.826337088743,-6.65453044799323,1.17187316058296,-5.67854156219678,1.35848027306557e-08,4.3162880509423e-06
"ENSG00000205730.7",72.8915785920907,-10.0100164226268,2.25845256049365,-4.43224559936685,9.32567041468916e-06,0.00079014333052458
"ENSG00000103528.18",15.7791115456608,-7.80764610745757,2.48412476761267,-3.14301689240874,0.00167216189670749,0.0488588911192994
"ENSG00000077238.15",326.634745047243,-6.45355580535499,1.49304379000311,-4.32241562408664,1.54330111272015e-05,0.00120086149337219
"ENSG00000103522.18",111.786507463226,-5.45805601025529,0.963608573825968,-5.6641837344642,1.477260528731e-08,4.5978980252401e-06
"ENSG00000197165.12",32.2410660812333,8.12357784112374,1.86986515952995,4.34447254109267,1.39610704370857e-05,0.00110321391313986
"ENSG00000293550.1",62.6470716407676,7.6579299562782,1.72279070812752,4.44507270683014,8.78621476445863e-06,0.000752800906588531
"ENSG00000197471.13",132.204747806952,-5.94251632699198,1.75079403330189,-3.39418356126377,0.000688335379220079,0.0256043972402083
"ENSG00000140678.18",190.766883784053,-24.7143533568734,4.78510866447926,-5.16484683834509,2.40635881948715e-07,4.36897361380935e-05
"ENSG00000087258.18",20.5599673174626,7.47468530993594,2.15032933405125,3.47606535965054,0.000508828262992672,0.0206202882740979
"ENSG00000102996.6",50.9522481194561,6.40772238101655,1.47334166191675,4.34910825278665,1.36692228844913e-05,0.00109720693795462
"ENSG00000261028.2",14.9270221749515,7.01269989672742,2.08216548823213,3.36798392652333,0.000757200104845977,0.0276269349258517
"ENSG00000140931.21",189.078782273682,-5.44777359106318,1.35592006579402,-4.01776898837543,5.87517518207912e-05,0.0036276233482546
"ENSG00000103056.13",87.3072291828641,4.80954399223528,1.41613255256198,3.39625269084743,0.000683152603477352,0.025536177342238
"ENSG00000131149.20",393.015953810694,-3.61839733147093,1.00819943150414,-3.58896981926741,0.000331987268125196,0.0148915818416981
"ENSG00000103335.23",264.676127881411,-6.08880220052627,1.49242057460757,-4.07981657725894,4.50712504755672e-05,0.00295608619236939
"ENSG00000259881.1",14.93051796643,-7.7281324905365,2.24222444671392,-3.44663644260164,0.000567611860847734,0.0221397659585391
"ENSG00000167703.16",439.017601276868,-2.47200909296897,0.750862734010935,-3.29222503794278,0.000993980410606328,0.03414233162648
"ENSG00000132359.18",73.5612332685954,4.17372536624803,0.988838093958462,4.22083796300768,2.43395850914378e-05,0.00177609096760535
"ENSG00000161929.15",55.5572105387258,-5.8147130058113,1.58060024101986,-3.67880053090429,0.00023433344816501,0.0113815905030718
"ENSG00000133026.15",330.365955013877,-2.51416525810037,0.775297835695749,-3.24283796799739,0.00118345494412078,0.0387201689849213
"ENSG00000276231.6",79.7618762642378,-23.5380143353218,4.78561347377928,-4.91849466411951,8.72122940743353e-07,0.000118109127217995
"ENSG00000290698.1",102.186254935059,-10.4975522442757,1.90390928150895,-5.51368300277198,3.51401283077524e-08,9.32089387512402e-06
"ENSG00000240505.9",372.437510022042,-12.3641070209573,1.91618504474959,-6.45245982627586,1.10049062024298e-10,8.06480491868861e-08
"ENSG00000154016.15",21.7294528108835,-5.19847377848971,1.41996523814068,-3.66098664872716,0.000251245852645508,0.012047659172346
"ENSG00000087095.14",430.194408186327,2.58690878107093,0.772299134969542,3.34962019758439,0.000809224367879923,0.0290675273508912
"ENSG00000004139.15",105.843688528184,2.81618109927621,0.838358692851851,3.35916013430526,0.000781797504130047,0.0283885565130651
"ENSG00000198242.15",13456.9622233496,-3.51119385576886,1.04462373041909,-3.36120437773342,0.00077603379576672,0.0282465189003299
"ENSG00000176749.10",103.524722717609,-3.85816897696778,1.22455565341136,-3.15066854349962,0.00162897239059494,0.0480531101140493
"ENSG00000132141.15",16.5744079087035,7.16382105039637,2.17369279980076,3.29569157658938,0.000981797371085833,0.0337999812786231
"ENSG00000172716.18",106.958371973988,-9.11277332789193,2.40084116591858,-3.79565856219618,0.000147252044122643,0.00799196058688409
"ENSG00000126353.5",39.2629579560159,-4.81281789196631,1.38922239727115,-3.46439699030199,0.000531421623294235,0.0211471663010306
"ENSG00000173801.18",1009.5243455464,5.51037164017161,0.876215001403398,6.28883508196717,3.19857040972147e-10,1.87620758917931e-07
"ENSG00000182963.12",172.486234209779,-6.08960450750059,1.01508945570094,-5.99908163098355,1.98436589662272e-09,9.76244009335261e-07
"ENSG00000259207.10",28.7283813326319,7.95699028201372,2.2730665435254,3.500553164481,0.000464293617992692,0.0196692832444626
"ENSG00000198933.12",56.6619561990977,-3.62278142090299,1.12940549372049,-3.20768886024169,0.00133806173255658,0.0419067788516438
"ENSG00000073861.4",32.1479824715544,-8.82806370181287,2.48631720425793,-3.55065865557879,0.000384268447529133,0.0168404542909966
"ENSG00000167083.8",278.818132815722,2.59568783912271,0.783714981526312,3.31203039409495,0.000926214825259579,0.0320310709751334
"ENSG00000121104.8",53.3697480833185,-4.61455759495328,1.27839809949001,-3.60964053121963,0.000306621623235188,0.0140851999275899
"ENSG00000005884.19",27.9378367477696,-5.13448279688446,1.58642599180978,-3.23650950210863,0.0012100119786863,0.0393473191619292
"ENSG00000108960.10",201.619489878037,3.29295957148523,0.949681261129247,3.4674366087519,0.000525447660254833,0.0210738130529887
"ENSG00000166292.13",15.1116933028014,7.03045156354436,2.08537791347734,3.37130815384017,0.000748121243910891,0.0275594132630072
"ENSG00000267104.3",49.4120873024659,-4.22625332552585,1.12076081958026,-3.7708788991291,0.000162673605796194,0.00858455073355627
"ENSG00000170921.16",255.84541794702,3.21431675861009,1.0110760115402,3.17910495543616,0.00147730588729682,0.0451510863470217
"ENSG00000271605.7",656.382072743135,4.26320567208218,0.776645736789543,5.48925394183607,4.03634971885034e-08,1.00915359938011e-05
"ENSG00000256124.7",23.4228455422254,7.66274876507131,2.10510243893283,3.64008355287256,0.000272549586108273,0.0128291782028928
"ENSG00000125398.9",32.8878907717974,8.15218199230486,1.87548608301385,4.34670353789273,1.38198808338397e-05,0.00110321391313986
"ENSG00000180616.9",402.140221032685,4.59463210411079,0.797452413856271,5.76163796644912,8.33015294535998e-09,2.95449215278337e-06
"ENSG00000172794.21",54.7309508406657,-8.15149283780303,2.21797625479381,-3.67519391615887,0.000237668826143977,0.0115053562227983
"ENSG00000129667.14",251.44093960187,-3.00146142266563,0.841022477982314,-3.56882426004403,0.000358586849174367,0.0158058035744459
"ENSG00000267568.7",103.141071434633,5.20075834265642,1.4596010855545,3.56313680095728,0.000366449585950084,0.0161058289202442
"ENSG00000262580.5",20.3185596675598,6.02733933275158,1.91171753109617,3.1528399121263,0.00161690452725137,0.0478823513497294
"ENSG00000185105.6",72.5731448333612,-7.56738506423045,2.14506020314968,-3.52781943048449,0.000418997874924075,0.0181023699446659
"ENSG00000185269.13",74.7388678984828,-10.0485423972804,2.29231613319505,-4.38357617946643,1.16746797651818e-05,0.000962435357290742
"ENSG00000168234.15",71.3873169888516,-7.52079219417702,1.65289720374131,-4.55006649969147,5.36289642840199e-06,0.000504873663145425
"ENSG00000154059.12",160.293389014866,6.5367082781418,1.26756623226337,5.15689682460997,2.51076056872007e-07,4.50489522747645e-05
"ENSG00000134760.6",25.2382176398344,7.77011064733196,2.31517865039031,3.35616028854706,0.000790327489141607,0.0285622856324612
"ENSG00000101746.17",122.707967033841,10.0518383412896,1.74455408334249,5.76183818963679,8.32027465850207e-09,2.95449215278337e-06
"ENSG00000166974.14",2452.96887158432,3.02477780206224,0.821260022893244,3.68309392609438,0.000230420210201653,0.0112632648262353
"ENSG00000141429.15",1163.35194188834,2.52188026651333,0.805146624652022,3.1322000109027,0.00173501634212305,0.0498318912122762
"ENSG00000134775.17",70.311631296252,5.77805304325071,1.31385323777823,4.39779183634056,1.09357787041877e-05,0.000917626441611993
"ENSG00000279319.1",9.61392594405889,-7.08878993153805,2.24772556514007,-3.1537613138712,0.00161180854348859,0.0478823513497294
"ENSG00000150637.10",58.6188162952138,4.96010505658098,1.4532721880838,3.4130599190239,0.000642378166029712,0.0244311955364567
"ENSG00000170677.7",21.2907136854322,-8.23228919650513,2.38670378427761,-3.44922954022836,0.000562188589645544,0.0220190764641839
"ENSG00000167476.11",74.1557044573965,-8.5910485717193,2.11476528242593,-4.06241233630627,4.85681891675037e-05,0.00313861632624406
"ENSG00000220008.5",39.5618108208658,-7.68046608181656,2.17631985947486,-3.5291071982727,0.000416964192076839,0.0180915895211044
"ENSG00000288156.1",47.6003022862999,-9.39449983680867,2.17864013385543,-4.31209344343789,1.61716057310278e-05,0.00123936260805982
"ENSG00000171105.15",288.253384211665,-25.2920689427443,4.78498599390976,-5.28571431033144,1.25215182620113e-07,2.65230104186019e-05
"ENSG00000104921.15",40.8623571052821,-7.72767919197278,2.22897756765666,-3.46691653792504,0.000526465331662757,0.0210738130529887
"ENSG00000233927.6",4360.41856366255,-5.78800744681144,1.13645120599545,-5.09305407594824,3.52341149523183e-07,5.97061652375341e-05
"ENSG00000090339.10",134.688872467854,-4.09989776416549,1.13351772780015,-3.6169683663636,0.000298073715783636,0.0137755219376249
"ENSG00000065989.17",157.842260072499,-3.21618711662454,0.786001892345177,-4.09183126395341,4.27980026802645e-05,0.00285027222216906
"ENSG00000123159.17",40.301368290471,-4.18422964700145,1.1001105563706,-3.8034628635923,0.00014268739219647,0.00779973268239559
"ENSG00000187912.12",227.359618837591,-4.52149601442774,1.39404393547104,-3.24343867462107,0.00118096230416186,0.0387201689849213
"ENSG00000196684.13",452.702106790436,-2.26624354783492,0.720427426120341,-3.14569305063681,0.00165693802422444,0.0486897144652157
"ENSG00000127533.4",85.275370015222,-23.0229097750572,4.78555692089491,-4.8109154599193,1.50240559300278e-06,0.000184366800610582
"ENSG00000096996.16",169.988596852141,-2.69067841546528,0.778723961789482,-3.45524030014716,0.000549802567718767,0.021666767339222
"ENSG00000051128.20",69.3264116087329,-3.95882925962951,1.2150441268838,-3.25817735507486,0.00112130303612788,0.0371760708782311
"ENSG00000105699.18",76.4127351320084,-4.16933357394187,0.914160263003502,-4.56083439925883,5.09507520646911e-06,0.000488710641345034
"ENSG00000188227.15",58.9801034590272,7.57140922919802,1.74235488910678,4.34550347723908,1.38956570543416e-05,0.00110321391313986
"ENSG00000130755.14",308.618853991656,-6.32345685507599,1.34518044895172,-4.70082423514539,2.59113475412482e-06,0.000284297813921997
"ENSG00000105245.10",267.610858055701,3.78976198333581,0.81688894339719,4.6392621836395,3.49655237260443e-06,0.000362761362140069
"ENSG00000268027.5",11.0841909443213,-7.29279886933666,2.18756087547396,-3.333758137248,0.000856811261408866,0.0303889035994107
"ENSG00000167619.13",165.156248970018,5.71378196625825,1.1557064427366,4.94397344772826,7.65461337727604e-07,0.000106127735106215
"ENSG00000130529.17",106.226646268962,-23.9321259322175,4.78539734577289,-5.00107393450986,5.70118423688815e-07,8.60878819770111e-05
"ENSG00000142512.16",995.660526247321,4.28496408288352,1.30935683567363,3.27257166735532,0.00106573850088699,0.0357221491802803
"ENSG00000161551.16",38.7015737227049,8.38699900844223,1.86510469755787,4.4967979649743,6.89844809314147e-06,0.000633784529328316
"ENSG00000283236.1",14.6700304487954,6.98736676922822,2.13770863767778,3.26862447298649,0.00108071630520589,0.0361447464269628
"ENSG00000198093.12",28.941409808097,7.96768914389043,1.95541785903305,4.07467340399071,4.60789681505967e-05,0.00299042699261596
"ENSG00000176024.19",24.9736969293114,4.23571585752804,1.30980439944316,3.23385374131343,0.0012213198358813,0.0393760832367612
"ENSG00000256683.8",13.9020371036018,6.90977981876924,2.16411173949924,3.19289419887723,0.00140854544616795,0.043662045933958
"ENSG00000197619.16",58.5108677005989,5.36651547295889,1.42155090712017,3.77511311489406,0.000159935072426456,0.00849884944103095
"ENSG00000256087.8",79.2107802788501,9.42034628125032,1.7725456663222,5.31458594282442,1.06900120400887e-07,2.32904819461991e-05
"ENSG00000167554.16",79.8602844053557,4.89009601504557,1.13342877141445,4.31442728328046,1.60017192200301e-05,0.001232536463761
"ENSG00000221923.10",43.0054437879722,4.13091783616529,1.1977824922737,3.44880465594697,0.000563073885058797,0.0220190764641839
"ENSG00000167613.17",248.838944499314,-10.3325328953722,2.46559545802383,-4.19068459172688,2.78114046354703e-05,0.00197279875393282
"ENSG00000290720.1",28.6043582194658,7.95103865356373,2.00782535588482,3.96002502421822,7.49419098886571e-05,0.00455354210243789
"ENSG00000166704.14",37.9130896688032,8.3574221116937,1.86117270172457,4.49040656138449,7.10873548352959e-06,0.000645934903731648
"ENSG00000176593.9",17.5319571873793,7.24484211682768,2.14571513609347,3.37642308382919,0.000734349012480288,0.0271833902653808
"ENSG00000198053.13",114.778493703702,-8.22680519744793,1.74765189763138,-4.70734773246197,2.50960607674404e-06,0.000277347842582778
"ENSG00000089057.16",873.987568203758,-2.40763915995798,0.747643961669207,-3.22030175243124,0.001280557282693,0.0405182139384873
"ENSG00000089091.18",107.341784351713,2.64670259971946,0.835554124684005,3.1676016209248,0.00153701981809881,0.0464179985065839
"ENSG00000101336.18",405.428007887369,-7.01906788040031,1.50000941204225,-4.67934922544515,2.87786899124718e-06,0.000309087182996554
"ENSG00000078699.22",774.717388033457,2.91920707354386,0.722810901472235,4.0386871138744,5.37512066915315e-05,0.00338083155483538
"ENSG00000088367.24",30.1827424347118,4.15333126725088,1.26780826724351,3.2759932038313,0.00105291094518473,0.0355794826546555
"ENSG00000226648.3",50.3045726803878,3.70763454327202,1.03577773707284,3.5795657799616,0.000344165609301035,0.0153475722440061
"ENSG00000196090.14",83.0261956019181,22.2472545588158,4.78523898089211,4.64914179786026,3.33319010194067e-06,0.000348181385237652
"ENSG00000168734.15",444.832737489524,2.34545761518968,0.735371037208528,3.18948870231964,0.00142524709902167,0.043973762143114
"ENSG00000100979.16",55.7341494165712,3.24986497821523,1.01315655416125,3.20766318380645,0.00133818118816802,0.0419067788516438
"ENSG00000149654.12",26.4292861026835,7.83665619606476,2.48292072901172,3.15622488648037,0.00159825581304037,0.0476074207122631
"ENSG00000124126.15",364.622313269982,-10.8840127398898,2.49808373013114,-4.35694472871747,1.31890556004032e-05,0.00106426606858068
"ENSG00000185834.10",17.8404596584117,-4.89685629168139,1.54723859265341,-3.16490056215805,0.00155135959840221,0.0467584688443323
"ENSG00000196132.15",71.980161637799,5.95333351357726,1.48028553850468,4.02174672299445,5.77681560057343e-05,0.00358139084245306
"ENSG00000277117.6",20.7926880547787,-6.73699280336849,2.07697425808779,-3.24365734295188,0.00118005614205738,0.0387201689849213
"ENSG00000180530.11",58.2674472599827,-7.2250984492415,1.72616255024697,-4.18564198847192,2.84361244955121e-05,0.00200777469759747
"ENSG00000156265.18",316.683653029896,3.62953035927397,0.843963722310695,4.30057627280074,1.70354523553221e-05,0.00129257554164685
"ENSG00000157617.18",58.4575710724221,-9.69131611729403,2.2242535097996,-4.35710950869408,1.31791338198236e-05,0.00106426606858068
"ENSG00000160179.21",21.7944171483812,-5.20314350273446,1.42917071016449,-3.64067320000954,0.000271926109637508,0.0128291782028928
"ENSG00000160191.19",74.0085060977338,-6.58626668144126,1.34963066922587,-4.88005113667063,1.06058337151773e-06,0.00013821146937263
"ENSG00000160223.19",17.2469170557533,-4.84813064062111,1.4805612370071,-3.27452220106845,0.00105840822073195,0.0356330767646422
"ENSG00000197381.19",196.639348733997,-5.14247555346952,1.04628436124562,-4.91498845241969,8.87876927604783e-07,0.000118109127217995
"ENSG00000211673.2",631.814848249309,-11.6778239936692,2.43497543347759,-4.79586932710494,1.61970845552066e-06,0.000191489718256943
"ENSG00000211676.2",41.4320863169138,-6.73381384600729,1.50169774344845,-4.48413395797212,7.32106616336374e-06,0.000656785765043884
"ENSG00000211677.2",898.763595511845,-9.19645905705803,1.20814735813815,-7.6120342399544,2.69815053197103e-14,6.08269154649913e-11
"ENSG00000211678.2",26.1198798884422,-5.46993019156303,1.59370840845518,-3.43220263038278,0.00059870005326938,0.0231158848415476
"ENSG00000128322.7",69.0938981783435,9.22314220845592,2.14651671296551,4.29679496681567,1.73285336533226e-05,0.00130185944210258
"ENSG00000159496.15",62.5993234473399,4.15730006594975,1.27550387103414,3.25933943468093,0.00111671972132055,0.037104776622788
"ENSG00000099953.11",115.391770410745,3.88564743855289,1.03989880391326,3.73656304241407,0.000186552693274353,0.00951543520109417
"ENSG00000133424.23",118.555125860953,-10.7121370398233,2.159957388789,-4.95942054015665,7.07037600980435e-07,9.98428745606723e-05
"ENSG00000221963.7",68.1868140327573,-6.44407048111356,1.41198371099899,-4.56384194160024,5.02258980880772e-06,0.00048480707072232
"ENSG00000289963.2",42.2373287819172,-5.43584048263373,1.32692995752522,-4.09655419399213,4.19345352469886e-05,0.00280501577654309
"ENSG00000128274.18",62.0284420213651,-7.31676913690542,1.64267280073783,-4.45418535792336,8.42123253538359e-06,0.000725605748006413
"ENSG00000138964.19",62.7052724945937,-5.73807574188145,1.83119773970093,-3.13350962459062,0.00172729253725846,0.0497036575202429
"ENSG00000075275.18",78.5862562656393,-4.53315426259666,1.12260186332245,-4.03807833454005,5.38908585374154e-05,0.00338083155483538
"ENSG00000196576.17",598.754183466079,-4.47055976509006,0.974695104667963,-4.58662380028366,4.50471328169223e-06,0.000446112871812262
"ENSG00000047644.20",846.003281772843,-9.2821616259835,1.39335871303204,-6.66171714373889,2.70646543241964e-11,2.5797690193645e-08
"ENSG00000205542.12",655.47678687359,-2.70367668016562,0.850340088604785,-3.17952395329467,0.00147517176742627,0.0451510863470217
"ENSG00000289596.2",35.2120024848571,-7.51683204831925,2.39840730650959,-3.13409320757053,0.00172386089215886,0.0496986814108031
"ENSG00000149970.16",35.9535349745127,-8.99238310659489,1.86167610787503,-4.83026186378845,1.36353604168396e-06,0.000173294068097684
"ENSG00000165175.18",249.032853033508,-10.3425166974344,2.15817435215295,-4.79225262181293,1.64919058632018e-06,0.000193475427938223
"ENSG00000171659.17",296.58162214697,-6.78937550593821,1.83292118232592,-3.70412845429758,0.000212118757103923,0.0105375347380844
"ENSG00000171657.7",56.2824563226852,-5.86031749494315,1.51568675949675,-3.86644368186534,0.000110433951206553,0.00632274831037061
"ENSG00000270069.5",32.9257811020488,-8.86208845802355,2.2300439368671,-3.97395240134754,7.06896958986203e-05,0.00432967290020023
"ENSG00000102007.12",523.207788882742,-3.24044637726596,0.946023691983956,-3.42533321810393,0.000614045808291888,0.0235889486706791
"ENSG00000229807.15",832.400804149441,25.4606630311592,4.7847861708613,5.32117050208245,1.03101714444568e-07,2.31067015951806e-05
"ENSG00000124429.19",69.6318544679382,4.74413683552159,1.39303551055004,3.40561084020635,0.000660162091732992,0.0248595853358515
"ENSG00000102271.15",252.109391531363,23.7914156263586,4.78490165035028,4.97218487753389,6.62025260640897e-07,9.52504457550407e-05
"ENSG00000175556.19",30.7069823632038,8.05310097992748,2.47777080551017,3.25013958596116,0.00115348376000431,0.0381600451709885
"ENSG00000203950.7",26.4366411863508,-8.54517627892997,2.37767621522335,-3.59391923266023,0.00032574084973118,0.0147414649829383
"ENSG00000210196.2",1441.08458591438,-2.7867817058418,0.887441468643363,-3.14024282649533,0.00168807848359979,0.048944648200343
"ENSG00000301761.1",34.1044204283564,-5.87326261432219,1.46600218840422,-4.00631231029428,6.16740904590195e-05,0.00379270787738107
"ENSG00000278384.1",18.309409165757,-8.02123245921364,2.07834537109102,-3.85943191674775,0.000113650914040067,0.00646750033591442
"ENSG00000275063.1",142.735617912117,22.9996592973513,4.78502857882271,4.80658765532599,1.53528186201193e-06,0.000184366800610582
